id,x,y,type,neighbour,clashed,entrance
1,0,0,1,2,-1,1
2,2,0,1,"1,3",-1,2
3,4,0,1,"2,4",-1,3
4,6,0,1,"3,5",-1,4
5,8,0,1,"4,6",-1,5
6,10,0,1,"5,7,20",-1,6
7,12,0,1,"6,8",-1,7
8,14,0,1,"7,9",-1,8
9,16,0,1,"8,10",-1,9
10,18,0,1,"9,11",-1,10
11,20,0,1,"10,12",-1,11
12,22,0,1,"11,13",-1,12
13,24,0,1,"12,14",-1,13
14,26,0,1,"13,15",-1,14
15,28,0,1,"14,16",-1,15
16,30,0,1,"15,17",-1,16
17,32,0,1,"16,18",-1,17
18,34,0,1,"17,19",-1,18
19,36,0,1,"18,21",-1,19
20,10,2,1,"6,27",-1,20
21,36,2,1,"19,40",-1,21
22,0,4,1,"23,365,368",-1,22
23,2,4,1,"22,24,371,374",-1,23
24,4,4,1,"23,25,377,380",-1,24
25,6,4,1,"24,26",-1,25
26,8,4,1,"25,27,414",-1,26
27,10,4,1,"20,26,28,419,424",-1,27
28,12,4,1,"27,29",-1,28
29,14,4,1,"28,30,437,442",-1,29
30,16,4,1,"29,31,447,452",-1,30
31,18,4,1,"30,32,457,462",-1,31
32,20,4,1,"31,33,467,472",-1,32
33,22,4,1,"32,34,477,482",-1,33
34,24,4,1,"33,35,487,492",-1,34
35,26,4,1,"34,36,497,502",-1,35
36,28,4,1,"35,37,507,512",-1,36
37,30,4,1,"36,38",-1,37
38,32,4,1,"37,39,46",-1,38
39,34,4,1,"38,40",-1,39
40,36,4,1,"21,39,41",-1,40
41,36,6,1,"40,42",-1,41
42,36,8,1,"41,43",-1,42
43,36,10,1,"42,44",-1,43
44,36,12,1,"43,45",-1,44
45,36,14,1,"44,53",-1,45
46,32,6,1,"38,47",-1,46
47,32,8,1,"46,48",-1,47
48,32,10,1,"47,49",-1,48
49,32,12,1,"48,50",-1,49
50,32,14,1,"49,51",-1,50
51,32,16,1,"50,52,58",-1,51
52,34,16,1,"51,53",-1,52
53,36,16,1,"45,52,54,59",-1,53
54,38,16,1,"53,55",-1,54
55,40,16,1,"54,56",-1,55
56,42,16,1,"55,57",-1,56
57,44,16,1,56,-1,57
58,32,18,1,"51,60",-1,58
59,36,18,1,"53,62",-1,59
60,32,20,1,"58,61,67",-1,60
61,34,20,1,"60,62",-1,61
62,36,20,1,"59,61,63,68",-1,62
63,38,20,1,"62,64",-1,63
64,40,20,1,"63,65",-1,64
65,42,20,1,"64,66",-1,65
66,44,20,1,65,-1,66
67,32,22,1,"60,85",-1,67
68,36,22,1,"62,86",-1,68
69,0,24,1,"70,87,383,388",-1,69
70,2,24,1,"69,71,393,398",-1,70
71,4,24,1,"70,72,403,408",-1,71
72,6,24,1,"71,73",-1,72
73,8,24,1,"72,74,428",-1,73
74,10,24,1,"73,75,431,434",-1,74
75,12,24,1,"74,76",-1,75
76,14,24,1,"75,77,88,517,520",-1,76
77,16,24,1,"76,78,523,526",-1,77
78,18,24,1,"77,79,529,532",-1,78
79,20,24,1,"78,80,89,535,538",-1,79
80,22,24,1,"79,81,541,544",-1,80
81,24,24,1,"80,82,547,550",-1,81
82,26,24,1,"81,83,553,556",-1,82
83,28,24,1,"82,84,559,562",-1,83
84,30,24,1,"83,85",-1,84
85,32,24,1,"67,84,90",-1,85
86,36,24,1,"68,91",-1,86
87,0,26,1,"69,92",-1,87
88,14,26,1,"76,99",-1,88
89,20,26,1,"79,102",-1,89
90,32,26,1,"85,108",-1,90
91,36,26,1,"86,110",-1,91
92,0,28,1,"87,93",-1,92
93,2,28,1,"92,94",-1,93
94,4,28,1,"93,95",-1,94
95,6,28,1,"94,96",-1,95
96,8,28,1,"95,97",-1,96
97,10,28,1,"96,98",-1,97
98,12,28,1,"97,99",-1,98
99,14,28,1,"88,98,100",-1,99
100,16,28,1,"99,101",-1,100
101,18,28,1,"100,102",-1,101
102,20,28,1,"89,101,103",-1,102
103,22,28,1,"102,104",-1,103
104,24,28,1,"103,105",-1,104
105,26,28,1,"104,106",-1,105
106,28,28,1,"105,107",-1,106
107,30,28,1,"106,108",-1,107
108,32,28,1,"90,107,109,113",-1,108
109,34,28,1,"108,110",-1,109
110,36,28,1,"91,109,111",-1,110
111,38,28,1,"110,112",-1,111
112,40,28,1,111,-1,112
113,32,30,1,"108,114",-1,113
114,32,32,1,"113,115",-1,114
115,32,34,1,"114,116",-1,115
116,32,36,1,"115,117",-1,116
117,32,38,1,"116,118,174",-1,117
118,32,40,1,"117,119",-1,118
119,32,42,1,"118,120,149",-1,119
120,32,44,1,"119,121",-1,120
121,32,46,1,"120,143",-1,121
122,14,42,1,123,-1,122
123,14,44,1,"122,124",-1,123
124,14,46,1,"123,125",-1,124
125,14,48,1,"124,126",-1,125
126,16,48,1,"125,127",-1,126
127,18,48,1,"126,128,131",-1,127
128,18,46,1,"127,129",-1,128
129,18,44,1,"128,130",-1,129
130,18,42,1,129,-1,130
131,20,48,1,"127,132",-1,131
132,22,48,1,"131,133,136",-1,132
133,22,46,1,"132,134",-1,133
134,22,44,1,"133,135",-1,134
135,22,42,1,134,-1,135
136,24,48,1,"132,137",-1,136
137,26,48,1,"136,138,141",-1,137
138,26,46,1,"137,139",-1,138
139,26,44,1,"138,140",-1,139
140,26,42,1,139,-1,140
141,28,48,1,"137,142",-1,141
142,30,48,1,"141,143",-1,142
143,32,48,1,"121,142,144",-1,143
144,34,48,1,"143,145",-1,144
145,36,48,1,"144,146",-1,145
146,38,48,1,"145,147",-1,146
147,38,46,1,"146,148",-1,147
148,38,44,1,"147,151",-1,148
149,34,42,1,"119,150",-1,149
150,36,42,1,"149,151",-1,150
151,38,42,1,"148,150,152,170",-1,151
152,40,42,1,"151,153",-1,152
153,42,42,1,"152,154",-1,153
154,44,42,1,"153,155",-1,154
155,46,42,1,"154,156",-1,155
156,48,42,1,"155,157",-1,156
157,50,42,1,"156,158,171",-1,157
158,52,42,1,"157,159",-1,158
159,54,42,1,"158,160,165,172",-1,159
160,56,42,1,"159,161",-1,160
161,58,42,1,"160,162,168,173",-1,161
162,60,42,1,"161,163",-1,162
163,62,42,1,"162,164",-1,163
164,64,42,1,"163,195",-1,164
165,54,44,1,"159,166",-1,165
166,54,46,1,"165,167",-1,166
167,54,48,1,166,-1,167
168,58,44,1,"161,169",-1,168
169,58,46,1,168,-1,169
170,38,40,1,"151,176",-1,170
171,50,40,1,"157,182",-1,171
172,54,40,1,"159,184",-1,172
173,58,40,1,"161,186",-1,173
174,34,38,1,"117,175",-1,174
175,36,38,1,"174,176",-1,175
176,38,38,1,"170,175,177",-1,176
177,40,38,1,"176,178",-1,177
178,42,38,1,"177,179",-1,178
179,44,38,1,"178,180",-1,179
180,46,38,1,"179,181",-1,180
181,48,38,1,"180,182",-1,181
182,50,38,1,"171,181,183,190",-1,182
183,52,38,1,"182,184",-1,183
184,54,38,1,"172,183,185,192",-1,184
185,56,38,1,"184,186",-1,185
186,58,38,1,"173,185,187",-1,186
187,60,38,1,"186,188",-1,187
188,62,38,1,"187,189",-1,188
189,64,38,1,"188,195",-1,189
190,50,36,1,"182,191",-1,190
191,50,34,1,190,-1,191
192,54,36,1,"184,193",-1,192
193,54,34,1,"192,194",-1,193
194,54,32,1,193,-1,194
195,64,40,1,"164,189,196",-1,195
196,66,40,1,"195,197",-1,196
197,68,40,1,"196,198",-1,197
198,70,40,1,"197,199,212",-1,198
199,72,40,1,"198,200",-1,199
200,74,40,1,"199,201,217",-1,200
201,76,40,1,"200,202",-1,201
202,78,40,1,"201,203",-1,202
203,80,40,1,"202,204",-1,203
204,82,40,1,"203,205",-1,204
205,84,40,1,"204,206",-1,205
206,86,40,1,"205,207",-1,206
207,88,40,1,"206,208",-1,207
208,90,40,1,"207,209",-1,208
209,92,40,1,"208,210,231",-1,209
210,94,40,1,"209,211",-1,210
211,96,40,1,"210,235",-1,211
212,70,42,1,"198,213",-1,212
213,70,44,1,"212,214",-1,213
214,70,46,1,"213,215",-1,214
215,70,48,1,"214,216",-1,215
216,70,50,1,"215,240",-1,216
217,74,42,1,"200,218",-1,217
218,74,44,1,"217,219",-1,218
219,74,46,1,"218,220",-1,219
220,74,48,1,"219,221",-1,220
221,74,50,1,"220,242",-1,221
222,78,46,1,"223,225",-1,222
223,78,48,1,"222,224,226",-1,223
224,78,50,1,"223,244,227",-1,224
225,80,46,1,"222,226",-1,225
226,80,48,1,"223,225,227",-1,226
227,80,50,1,"224,226,245",-1,227
228,88,46,1,229,-1,228
229,88,48,1,"228,230",-1,229
230,88,50,1,"229,249",-1,230
231,92,42,1,"209,232",-1,231
232,92,44,1,231,-1,232
233,92,48,1,234,-1,233
234,92,50,1,"233,251",-1,234
235,96,42,1,"211,236",-1,235
236,96,44,1,"235,237",-1,236
237,96,46,1,"236,238",-1,237
238,96,48,1,"237,239",-1,238
239,96,50,1,"238,253",-1,239
240,70,52,1,"216,241,258",-1,240
241,72,52,1,"240,242",-1,241
242,74,52,1,"221,241,243,259",-1,242
243,76,52,1,"242,244",-1,243
244,78,52,1,"224,243,245",-1,244
245,80,52,1,"227,244,246",-1,245
246,82,52,1,"245,247",-1,246
247,84,52,1,"246,248,260",-1,247
248,86,52,1,"247,249",-1,248
249,88,52,1,"230,248,250",-1,249
250,90,52,1,"249,251",-1,250
251,92,52,1,"234,250,252",-1,251
252,94,52,1,"251,253",-1,252
253,96,52,1,"239,252,254,261",-1,253
254,98,52,1,"253,255",-1,254
255,100,52,1,"254,256",-1,255
256,102,52,1,"255,257",-1,256
257,104,52,1,"256,288",-1,257
258,70,54,1,"240,262",-1,258
259,74,54,1,"242,264",-1,259
260,84,54,1,"247,269",-1,260
261,96,54,1,"253,275",-1,261
262,70,56,1,"258,263,565,576",-1,262
263,72,56,1,"262,264,587",-1,263
264,74,56,1,"259,263,265,598,609",-1,264
265,76,56,1,"264,266,620,631",-1,265
266,78,56,1,"265,267,642,653",-1,266
267,80,56,1,"266,268,664",-1,267
268,82,56,1,"267,269,675,686",-1,268
269,84,56,1,"260,268,270",-1,269
270,86,56,1,"269,271,697,708",-1,270
271,88,56,1,"270,272,719",-1,271
272,90,56,1,"271,273,730,741",-1,272
273,92,56,1,"272,274,752,763",-1,273
274,94,56,1,"273,275,774,785",-1,274
275,96,56,1,"261,274,276,796",-1,275
276,98,56,1,"275,277,807,818",-1,276
277,100,56,1,"276,278",-1,277
278,102,56,1,"277,279",-1,278
279,102,58,1,"278,280",-1,279
280,104,58,1,"279,281",-1,280
281,106,58,1,"280,282",-1,281
282,108,58,1,"281,283",-1,282
283,110,58,1,"282,284",-1,283
284,112,58,1,"283,285",-1,284
285,114,58,1,"284,286",-1,285
286,116,58,1,"285,287",-1,286
287,118,58,1,"286,301",-1,287
288,104,54,1,"257,289",-1,288
289,106,54,1,"288,290",-1,289
290,108,54,1,"289,291",-1,290
291,110,54,1,"290,292",-1,291
292,112,54,1,"291,293",-1,292
293,114,54,1,"292,294",-1,293
294,116,54,1,"293,295",-1,294
295,118,54,1,"294,296",-1,295
296,120,54,1,"295,297,300",-1,296
297,122,54,1,"296,298",-1,297
298,124,54,1,"297,299",-1,298
299,126,54,1,"298,829",-1,299
300,120,56,1,"296,301",-1,300
301,120,58,1,"287,300,302",-1,301
302,120,60,1,"301,303",-1,302
303,120,62,1,"302,304",-1,303
304,122,62,1,"303,305",-1,304
305,124,62,1,"304,306",-1,305
306,126,62,1,"305,307",-1,306
307,128,62,1,"306,308,322,349",-1,307
308,130,62,1,"307,309",-1,308
309,132,62,1,"308,310,340,353",-1,309
310,134,62,1,"309,311",-1,310
311,136,62,1,"310,312",-1,311
312,138,62,1,"311,313",-1,312
313,140,62,1,"312,314",-1,313
314,142,62,1,"313,315",-1,314
315,144,62,1,"314,316,342,355",-1,315
316,146,62,1,"315,317",-1,316
317,148,62,1,"316,318,344,357",-1,317
318,150,62,1,"317,319",-1,318
319,152,62,1,"318,320,346,361",-1,319
320,154,62,1,"319,321",-1,320
321,156,62,1,"320,348,363",-1,321
322,128,60,1,"307,323",-1,322
323,128,58,1,"322,324",-1,323
324,128,56,1,"323,325,829",-1,324
325,130,56,1,"324,326",-1,325
326,132,56,1,"325,327,339",-1,326
327,134,56,1,"326,328",-1,327
328,136,56,1,"327,329",-1,328
329,138,56,1,"328,330",-1,329
330,140,56,1,"329,331",-1,330
331,142,56,1,"330,332",-1,331
332,144,56,1,"331,333,341",-1,332
333,146,56,1,"332,334",-1,333
334,148,56,1,"333,335,343",-1,334
335,150,56,1,"334,336",-1,335
336,152,56,1,"335,337,345",-1,336
337,154,56,1,"336,338",-1,337
338,156,56,1,"337,347",-1,338
339,132,58,1,"326,340",-1,339
340,132,60,1,"309,339",-1,340
341,144,58,1,"332,342",-1,341
342,144,60,1,"315,341",-1,342
343,148,58,1,"334,344",-1,343
344,148,60,1,"317,343",-1,344
345,152,58,1,"336,346",-1,345
346,152,60,1,"319,345",-1,346
347,156,58,1,"338,348",-1,347
348,156,60,1,"321,347",-1,348
349,128,64,1,"307,350",-1,349
350,128,66,1,"349,351",-1,350
351,128,68,1,"350,352",-1,351
352,128,70,1,351,-1,352
353,132,64,1,"309,354",-1,353
354,132,66,1,353,-1,354
355,144,64,1,"315,356",-1,355
356,144,66,1,355,-1,356
357,148,64,1,"317,358",-1,357
358,148,66,1,"357,359",-1,358
359,148,68,1,"358,360",-1,359
360,148,70,1,359,-1,360
361,152,64,1,"319,362",-1,361
362,152,66,1,361,-1,362
363,156,64,1,"321,364",-1,363
364,156,66,1,363,-1,364
365,-0.5,6,2,"22,366",368,22
366,-0.5,8,2,"365,367",369,22
367,-0.5,10,2,366,370,22
368,0.5,6,2,"22,369","365,371",22
369,0.5,8,2,"368,370","366,372",22
370,0.5,10,2,369,"367,373",22
371,1.5,6,2,"23,372","368,374",23
372,1.5,8,2,"371,373","369,375",23
373,1.5,10,2,372,"370,376",23
374,2.5,6,2,"23,375","371,377",23
375,2.5,8,2,"374,376","372,378",23
376,2.5,10,2,375,"373,379",23
377,3.5,6,2,"24,378","374,380",24
378,3.5,8,2,"377,379","375,381",24
379,3.5,10,2,378,"376,382",24
380,4.5,6,2,"24,381",377,24
381,4.5,8,2,"380,382",378,24
382,4.5,10,2,381,379,24
383,-0.5,22,2,"69,384",388,69
384,-0.5,20,2,"383,385",389,69
385,-0.5,18,2,"384,386",390,69
386,-0.5,16,2,"385,387",391,69
387,-0.5,14,2,386,392,69
388,0.5,22,2,"69,389","383,393",69
389,0.5,20,2,"388,390","384,394",69
390,0.5,18,2,"389,391","385,395",69
391,0.5,16,2,"390,392","386,396",69
392,0.5,14,2,391,"387,397",69
393,1.5,22,2,"70,394","388,398",70
394,1.5,20,2,"393,395","389,399",70
395,1.5,18,2,"394,396","390,400",70
396,1.5,16,2,"395,397","391,401",70
397,1.5,14,2,396,"392,402",70
398,2.5,22,2,"70,399","393,403",70
399,2.5,20,2,"398,400","394,404",70
400,2.5,18,2,"399,401","395,405",70
401,2.5,16,2,"400,402","396,406",70
402,2.5,14,2,401,"397,407",70
403,3.5,22,2,"71,404","398,408",71
404,3.5,20,2,"403,405","399,409",71
405,3.5,18,2,"404,406","400,410",71
406,3.5,16,2,"405,407","401,411",71
407,3.5,14,2,406,"402,412",71
408,4.5,22,2,"71,409",403,71
409,4.5,20,2,"408,410",404,71
410,4.5,18,2,"409,411",405,71
411,4.5,16,2,"410,412",406,71
412,4.5,14,2,411,407,71
413,8.5,6,2,"26,414",418,26
414,8.5,8,2,"413,415",419,26
415,8.5,10,2,"414,416",420,26
416,8.5,12,2,"415,417",421,26
417,8.5,14,2,416,422,26
418,9.5,6,2,"27,419","413,423",27
419,9.5,8,2,"418,420","414,424",27
420,9.5,10,2,"419,421","415,425",27
421,9.5,12,2,"420,422","416,426",27
422,9.5,14,2,421,"417,427",27
423,10.5,6,2,"27,424",418,27
424,10.5,8,2,"423,425",419,27
425,10.5,10,2,"424,426",420,27
426,10.5,12,2,"425,427",421,27
427,10.5,14,2,426,422,27
428,8.5,22,2,"73,429",431,73
429,8.5,20,2,"428,430",432,73
430,8.5,18,2,429,433,73
431,9.5,22,2,"74,432","428,434",74
432,9.5,20,2,"431,433","429,435",74
433,9.5,18,2,432,"430,436",74
434,10.5,22,2,"74,435",431,74
435,10.5,20,2,"434,436",432,74
436,10.5,18,2,435,433,74
437,13.5,6,2,"29,438",442,29
438,13.5,8,2,"437,439",443,29
439,13.5,10,2,"438,440",444,29
440,13.5,12,2,"439,441",445,29
441,13.5,14,2,440,446,29
442,14.5,6,2,"29,443","437,447",29
443,14.5,8,2,"442,444","438,448",29
444,14.5,10,2,"443,445","439,449",29
445,14.5,12,2,"444,446","440,450",29
446,14.5,14,2,445,"441,451",29
447,15.5,6,2,"30,448","442,452",30
448,15.5,8,2,"447,449","443,453",30
449,15.5,10,2,"448,450","444,454",30
450,15.5,12,2,"449,451","445,455",30
451,15.5,14,2,450,"446,456",30
452,16.5,6,2,"30,453","447,457",30
453,16.5,8,2,"452,454","448,458",30
454,16.5,10,2,"453,455","449,459",30
455,16.5,12,2,"454,456","450,460",30
456,16.5,14,2,455,"451,461",30
457,17.5,6,2,"31,458","452,462",31
458,17.5,8,2,"457,459","453,463",31
459,17.5,10,2,"458,460","454,464",31
460,17.5,12,2,"459,461","455,465",31
461,17.5,14,2,460,"456,466",31
462,18.5,6,2,"31,463","457,467",31
463,18.5,8,2,"462,464","458,468",31
464,18.5,10,2,"463,465","459,469",31
465,18.5,12,2,"464,466","460,470",31
466,18.5,14,2,465,"461,471",31
467,19.5,6,2,"32,468","462,472",32
468,19.5,8,2,"467,469","463,473",32
469,19.5,10,2,"468,470","464,474",32
470,19.5,12,2,"469,471","465,475",32
471,19.5,14,2,470,"466,476",32
472,20.5,6,2,"32,473","467,477",32
473,20.5,8,2,"472,474","468,478",32
474,20.5,10,2,"473,475","469,479",32
475,20.5,12,2,"474,476","470,480",32
476,20.5,14,2,475,"471,481",32
477,21.5,6,2,"33,478","472,482",33
478,21.5,8,2,"477,479","473,483",33
479,21.5,10,2,"478,480","474,484",33
480,21.5,12,2,"479,481","475,485",33
481,21.5,14,2,480,"476,486",33
482,22.5,6,2,"33,483","477,487",33
483,22.5,8,2,"482,484","478,488",33
484,22.5,10,2,"483,485","479,489",33
485,22.5,12,2,"484,486","480,490",33
486,22.5,14,2,485,"481,491",33
487,23.5,6,2,"34,488","482,492",34
488,23.5,8,2,"487,489","483,493",34
489,23.5,10,2,"488,490","484,494",34
490,23.5,12,2,"489,491","485,495",34
491,23.5,14,2,490,"486,496",34
492,24.5,6,2,"34,493","487,497",34
493,24.5,8,2,"492,494","488,498",34
494,24.5,10,2,"493,495","489,499",34
495,24.5,12,2,"494,496","490,500",34
496,24.5,14,2,495,"491,501",34
497,25.5,6,2,"35,498","492,502",35
498,25.5,8,2,"497,499","493,503",35
499,25.5,10,2,"498,500","494,504",35
500,25.5,12,2,"499,501","495,505",35
501,25.5,14,2,500,"496,506",35
502,26.5,6,2,"35,503","497,507",35
503,26.5,8,2,"502,504","498,508",35
504,26.5,10,2,"503,505","499,509",35
505,26.5,12,2,"504,506","500,510",35
506,26.5,14,2,505,"501,511",35
507,27.5,6,2,"36,508","502,512",36
508,27.5,8,2,"507,509","503,513",36
509,27.5,10,2,"508,510","504,514",36
510,27.5,12,2,"509,511","505,515",36
511,27.5,14,2,510,"506,516",36
512,28.5,6,2,"36,513",507,36
513,28.5,8,2,"512,514",508,36
514,28.5,10,2,"513,515",509,36
515,28.5,12,2,"514,516",510,36
516,28.5,14,2,515,511,36
517,13.5,22,2,"76,518",520,76
518,13.5,20,2,"517,519",521,76
519,13.5,18,2,518,522,76
520,14.5,22,2,"76,521","517,523",76
521,14.5,20,2,"520,522","518,524",76
522,14.5,18,2,521,"519,525",76
523,15.5,22,2,"77,524","520,526",77
524,15.5,20,2,"523,525","521,527",77
525,15.5,18,2,524,"522,528",77
526,16.5,22,2,"77,527","523,529",77
527,16.5,20,2,"526,528","524,530",77
528,16.5,18,2,527,"525,531",77
529,17.5,22,2,"78,530","526,532",78
530,17.5,20,2,"529,531","527,533",78
531,17.5,18,2,530,"528,534",78
532,18.5,22,2,"78,533","529,535",78
533,18.5,20,2,"532,534","530,536",78
534,18.5,18,2,533,"531,537",78
535,19.5,22,2,"79,536","532,538",79
536,19.5,20,2,"535,537","533,539",79
537,19.5,18,2,536,"534,540",79
538,20.5,22,2,"79,539","535,541",79
539,20.5,20,2,"538,540","536,542",79
540,20.5,18,2,539,"537,543",79
541,21.5,22,2,"80,542","538,544",80
542,21.5,20,2,"541,543","539,545",80
543,21.5,18,2,542,"540,546",80
544,22.5,22,2,"80,545","541,547",80
545,22.5,20,2,"544,546","542,548",80
546,22.5,18,2,545,"543,549",80
547,23.5,22,2,"81,548","544,550",81
548,23.5,20,2,"547,549","545,551",81
549,23.5,18,2,548,"546,552",81
550,24.5,22,2,"81,551","547,553",81
551,24.5,20,2,"550,552","548,554",81
552,24.5,18,2,551,"549,555",81
553,25.5,22,2,"82,554","550,556",82
554,25.5,20,2,"553,555","551,557",82
555,25.5,18,2,554,"552,558",82
556,26.5,22,2,"82,557","553,559",82
557,26.5,20,2,"556,558","554,560",82
558,26.5,18,2,557,"555,561",82
559,27.5,22,2,"83,560","556,562",83
560,27.5,20,2,"559,561","557,563",83
561,27.5,18,2,560,"558,564",83
562,28.5,22,2,"83,563",559,83
563,28.5,20,2,"562,564",560,83
564,28.5,18,2,563,561,83
565,69.5,68,2,"262,566",576,262
566,69.5,70,2,"565,567",577,262
567,69.5,72,2,"566,568",578,262
568,69.5,74,2,"567,569",579,262
569,69.5,76,2,"568,570",580,262
570,69.5,78,2,"569,571",581,262
571,69.5,80,2,"570,572",582,262
572,69.5,82,2,"571,573",583,262
573,69.5,84,2,"572,574",584,262
574,69.5,86,2,"573,575",585,262
575,69.5,88,2,574,586,262
576,70.5,68,2,"262,577","565,587",262
577,70.5,70,2,"576,578","566,588",262
578,70.5,72,2,"577,579","567,589",262
579,70.5,74,2,"578,580","568,590",262
580,70.5,76,2,"579,581","569,591",262
581,70.5,78,2,"580,582","570,592",262
582,70.5,80,2,"581,583","571,593",262
583,70.5,82,2,"582,584","572,594",262
584,70.5,84,2,"583,585","573,595",262
585,70.5,86,2,"584,586","574,596",262
586,70.5,88,2,585,"575,597",262
587,71.5,68,2,"263,588",576,263
588,71.5,70,2,"587,589",577,263
589,71.5,72,2,"588,590",578,263
590,71.5,74,2,"589,591",579,263
591,71.5,76,2,"590,592",580,263
592,71.5,78,2,"591,593",581,263
593,71.5,80,2,"592,594",582,263
594,71.5,82,2,"593,595",583,263
595,71.5,84,2,"594,596",584,263
596,71.5,86,2,"595,597",585,263
597,71.5,88,2,596,586,263
598,73.5,68,2,"264,599",609,264
599,73.5,70,2,"598,600",610,264
600,73.5,72,2,"599,601",611,264
601,73.5,74,2,"600,602",612,264
602,73.5,76,2,"601,603",613,264
603,73.5,78,2,"602,604",614,264
604,73.5,80,2,"603,605",615,264
605,73.5,82,2,"604,606",616,264
606,73.5,84,2,"605,607",617,264
607,73.5,86,2,"606,608",618,264
608,73.5,88,2,607,619,264
609,74.5,68,2,"264,610","598,620",264
610,74.5,70,2,"609,611","599,621",264
611,74.5,72,2,"610,612","600,622",264
612,74.5,74,2,"611,613","601,623",264
613,74.5,76,2,"612,614","602,624",264
614,74.5,78,2,"613,615","603,625",264
615,74.5,80,2,"614,616","604,626",264
616,74.5,82,2,"615,617","605,627",264
617,74.5,84,2,"616,618","606,628",264
618,74.5,86,2,"617,619","607,629",264
619,74.5,88,2,618,"608,630",264
620,75.5,68,2,"265,621","609,631",265
621,75.5,70,2,"620,622","610,632",265
622,75.5,72,2,"621,623","611,633",265
623,75.5,74,2,"622,624","612,634",265
624,75.5,76,2,"623,625","613,635",265
625,75.5,78,2,"624,626","614,636",265
626,75.5,80,2,"625,627","615,637",265
627,75.5,82,2,"626,628","616,638",265
628,75.5,84,2,"627,629","617,639",265
629,75.5,86,2,"628,630","618,640",265
630,75.5,88,2,629,"619,641",265
631,76.5,68,2,"265,632","620,642",265
632,76.5,70,2,"631,633","621,643",265
633,76.5,72,2,"632,634","622,644",265
634,76.5,74,2,"633,635","623,645",265
635,76.5,76,2,"634,636","624,646",265
636,76.5,78,2,"635,637","625,647",265
637,76.5,80,2,"636,638","626,648",265
638,76.5,82,2,"637,639","627,649",265
639,76.5,84,2,"638,640","628,650",265
640,76.5,86,2,"639,641","629,651",265
641,76.5,88,2,640,"630,652",265
642,77.5,68,2,"266,643","631,653",266
643,77.5,70,2,"642,644","632,654",266
644,77.5,72,2,"643,645","633,655",266
645,77.5,74,2,"644,646","634,656",266
646,77.5,76,2,"645,647","635,657",266
647,77.5,78,2,"646,648","636,658",266
648,77.5,80,2,"647,649","637,659",266
649,77.5,82,2,"648,650","638,660",266
650,77.5,84,2,"649,651","639,661",266
651,77.5,86,2,"650,652","640,662",266
652,77.5,88,2,651,"641,663",266
653,78.5,68,2,"266,654",642,266
654,78.5,70,2,"653,655",643,266
655,78.5,72,2,"654,656",644,266
656,78.5,74,2,"655,657",645,266
657,78.5,76,2,"656,658",646,266
658,78.5,78,2,"657,659",647,266
659,78.5,80,2,"658,660",648,266
660,78.5,82,2,"659,661",649,266
661,78.5,84,2,"660,662",650,266
662,78.5,86,2,"661,663",651,266
663,78.5,88,2,662,652,266
664,80.5,68,2,"267,665",675,267
665,80.5,70,2,"664,666",676,267
666,80.5,72,2,"665,667",677,267
667,80.5,74,2,"666,668",678,267
668,80.5,76,2,"667,669",679,267
669,80.5,78,2,"668,670",680,267
670,80.5,80,2,"669,671",681,267
671,80.5,82,2,"670,672",682,267
672,80.5,84,2,"671,673",683,267
673,80.5,86,2,"672,674",684,267
674,80.5,88,2,673,685,267
675,81.5,68,2,"268,676","664,686",268
676,81.5,70,2,"675,677","665,687",268
677,81.5,72,2,"676,678","666,688",268
678,81.5,74,2,"677,679","667,689",268
679,81.5,76,2,"678,680","668,690",268
680,81.5,78,2,"679,681","669,691",268
681,81.5,80,2,"680,682","670,692",268
682,81.5,82,2,"681,683","671,693",268
683,81.5,84,2,"682,684","672,694",268
684,81.5,86,2,"683,685","673,695",268
685,81.5,88,2,684,"674,696",268
686,82.5,68,2,"268,687",675,268
687,82.5,70,2,"686,688",676,268
688,82.5,72,2,"687,689",677,268
689,82.5,74,2,"688,690",678,268
690,82.5,76,2,"689,691",679,268
691,82.5,78,2,"690,692",680,268
692,82.5,80,2,"691,693",681,268
693,82.5,82,2,"692,694",682,268
694,82.5,84,2,"693,695",683,268
695,82.5,86,2,"694,696",684,268
696,82.5,88,2,695,685,268
697,85.5,68,2,"270,698",708,270
698,85.5,70,2,"697,699",709,270
699,85.5,72,2,"698,700",710,270
700,85.5,74,2,"699,701",711,270
701,85.5,76,2,"700,702",712,270
702,85.5,78,2,"701,703",713,270
703,85.5,80,2,"702,704",714,270
704,85.5,82,2,"703,705",715,270
705,85.5,84,2,"704,706",716,270
706,85.5,86,2,"705,707",717,270
707,85.5,88,2,706,718,270
708,86.5,68,2,"270,709","697,719",270
709,86.5,70,2,"708,710","698,720",270
710,86.5,72,2,"709,711","699,721",270
711,86.5,74,2,"710,712","700,722",270
712,86.5,76,2,"711,713","701,723",270
713,86.5,78,2,"712,714","702,724",270
714,86.5,80,2,"713,715","703,725",270
715,86.5,82,2,"714,716","704,726",270
716,86.5,84,2,"715,717","705,727",270
717,86.5,86,2,"716,718","706,728",270
718,86.5,88,2,717,"707,729",270
719,87.5,68,2,"271,720",708,271
720,87.5,70,2,"719,721",709,271
721,87.5,72,2,"720,722",710,271
722,87.5,74,2,"721,723",711,271
723,87.5,76,2,"722,724",712,271
724,87.5,78,2,"723,725",713,271
725,87.5,80,2,"724,726",714,271
726,87.5,82,2,"725,727",715,271
727,87.5,84,2,"726,728",716,271
728,87.5,86,2,"727,729",717,271
729,87.5,88,2,728,718,271
730,89.5,68,2,"272,731",741,272
731,89.5,70,2,"730,732",742,272
732,89.5,72,2,"731,733",743,272
733,89.5,74,2,"732,734",744,272
734,89.5,76,2,"733,735",745,272
735,89.5,78,2,"734,736",746,272
736,89.5,80,2,"735,737",747,272
737,89.5,82,2,"736,738",748,272
738,89.5,84,2,"737,739",749,272
739,89.5,86,2,"738,740",750,272
740,89.5,88,2,739,751,272
741,90.5,68,2,"272,742","730,752",272
742,90.5,70,2,"741,743","731,753",272
743,90.5,72,2,"742,744","732,754",272
744,90.5,74,2,"743,745","733,755",272
745,90.5,76,2,"744,746","734,756",272
746,90.5,78,2,"745,747","735,757",272
747,90.5,80,2,"746,748","736,758",272
748,90.5,82,2,"747,749","737,759",272
749,90.5,84,2,"748,750","738,760",272
750,90.5,86,2,"749,751","739,761",272
751,90.5,88,2,750,"740,762",272
752,91.5,68,2,"273,753","741,763",273
753,91.5,70,2,"752,754","742,764",273
754,91.5,72,2,"753,755","743,765",273
755,91.5,74,2,"754,756","744,766",273
756,91.5,76,2,"755,757","745,767",273
757,91.5,78,2,"756,758","746,768",273
758,91.5,80,2,"757,759","747,769",273
759,91.5,82,2,"758,760","748,770",273
760,91.5,84,2,"759,761","749,771",273
761,91.5,86,2,"760,762","750,772",273
762,91.5,88,2,761,"751,773",273
763,92.5,68,2,"273,764","752,774",273
764,92.5,70,2,"763,765","753,775",273
765,92.5,72,2,"764,766","754,776",273
766,92.5,74,2,"765,767","755,777",273
767,92.5,76,2,"766,768","756,778",273
768,92.5,78,2,"767,769","757,779",273
769,92.5,80,2,"768,770","758,780",273
770,92.5,82,2,"769,771","759,781",273
771,92.5,84,2,"770,772","760,782",273
772,92.5,86,2,"771,773","761,783",273
773,92.5,88,2,772,"762,784",273
774,93.5,68,2,"274,775","763,785",274
775,93.5,70,2,"774,776","764,786",274
776,93.5,72,2,"775,777","765,787",274
777,93.5,74,2,"776,778","766,788",274
778,93.5,76,2,"777,779","767,789",274
779,93.5,78,2,"778,780","768,790",274
780,93.5,80,2,"779,781","769,791",274
781,93.5,82,2,"780,782","770,792",274
782,93.5,84,2,"781,783","771,793",274
783,93.5,86,2,"782,784","772,794",274
784,93.5,88,2,783,"773,795",274
785,94.5,68,2,"274,786",774,274
786,94.5,70,2,"785,787",775,274
787,94.5,72,2,"786,788",776,274
788,94.5,74,2,"787,789",777,274
789,94.5,76,2,"788,790",778,274
790,94.5,78,2,"789,791",779,274
791,94.5,80,2,"790,792",780,274
792,94.5,82,2,"791,793",781,274
793,94.5,84,2,"792,794",782,274
794,94.5,86,2,"793,795",783,274
795,94.5,88,2,794,784,274
796,96.5,68,2,"275,797",807,275
797,96.5,70,2,"796,798",808,275
798,96.5,72,2,"797,799",809,275
799,96.5,74,2,"798,800",810,275
800,96.5,76,2,"799,801",811,275
801,96.5,78,2,"800,802",812,275
802,96.5,80,2,"801,803",813,275
803,96.5,82,2,"802,804",814,275
804,96.5,84,2,"803,805",815,275
805,96.5,86,2,"804,806",816,275
806,96.5,88,2,805,817,275
807,97.5,68,2,"276,808","796,818",276
808,97.5,70,2,"807,809","797,819",276
809,97.5,72,2,"808,810","798,820",276
810,97.5,74,2,"809,811","799,821",276
811,97.5,76,2,"810,812","800,822",276
812,97.5,78,2,"811,813","801,823",276
813,97.5,80,2,"812,814","802,824",276
814,97.5,82,2,"813,815","803,825",276
815,97.5,84,2,"814,816","804,826",276
816,97.5,86,2,"815,817","805,827",276
817,97.5,88,2,816,"806,828",276
818,98.5,68,2,"276,819",807,276
819,98.5,70,2,"818,820",808,276
820,98.5,72,2,"819,821",809,276
821,98.5,74,2,"820,822",810,276
822,98.5,76,2,"821,823",811,276
823,98.5,78,2,"822,824",812,276
824,98.5,80,2,"823,825",813,276
825,98.5,82,2,"824,826",814,276
826,98.5,84,2,"825,827",815,276
827,98.5,86,2,"826,828",816,276
828,98.5,88,2,827,817,276
829,128,54,1,"299,324",-1,829
