Start node,End node,Paths
565,262,"565, 262"
566,262,"566, 565, 262"
567,262,"567, 566, 565, 262"
568,262,"568, 567, 566, 565, 262"
569,262,"569, 568, 567, 566, 565, 262"
570,262,"570, 569, 568, 567, 566, 565, 262"
571,262,"571, 570, 569, 568, 567, 566, 565, 262"
572,262,"572, 571, 570, 569, 568, 567, 566, 565, 262"
573,262,"573, 572, 571, 570, 569, 568, 567, 566, 565, 262"
574,262,"574, 573, 572, 571, 570, 569, 568, 567, 566, 565, 262"
575,262,"575, 574, 573, 572, 571, 570, 569, 568, 567, 566, 565, 262"
576,262,"576, 262"
577,262,"577, 576, 262"
578,262,"578, 577, 576, 262"
579,262,"579, 578, 577, 576, 262"
580,262,"580, 579, 578, 577, 576, 262"
581,262,"581, 580, 579, 578, 577, 576, 262"
582,262,"582, 581, 580, 579, 578, 577, 576, 262"
583,262,"583, 582, 581, 580, 579, 578, 577, 576, 262"
584,262,"584, 583, 582, 581, 580, 579, 578, 577, 576, 262"
585,262,"585, 584, 583, 582, 581, 580, 579, 578, 577, 576, 262"
586,262,"586, 585, 584, 583, 582, 581, 580, 579, 578, 577, 576, 262"
587,263,"587, 263"
588,263,"588, 587, 263"
589,263,"589, 588, 587, 263"
590,263,"590, 589, 588, 587, 263"
591,263,"591, 590, 589, 588, 587, 263"
592,263,"592, 591, 590, 589, 588, 587, 263"
593,263,"593, 592, 591, 590, 589, 588, 587, 263"
594,263,"594, 593, 592, 591, 590, 589, 588, 587, 263"
595,263,"595, 594, 593, 592, 591, 590, 589, 588, 587, 263"
596,263,"596, 595, 594, 593, 592, 591, 590, 589, 588, 587, 263"
597,263,"597, 596, 595, 594, 593, 592, 591, 590, 589, 588, 587, 263"
598,264,"598, 264"
599,264,"599, 598, 264"
600,264,"600, 599, 598, 264"
601,264,"601, 600, 599, 598, 264"
602,264,"602, 601, 600, 599, 598, 264"
603,264,"603, 602, 601, 600, 599, 598, 264"
604,264,"604, 603, 602, 601, 600, 599, 598, 264"
605,264,"605, 604, 603, 602, 601, 600, 599, 598, 264"
606,264,"606, 605, 604, 603, 602, 601, 600, 599, 598, 264"
607,264,"607, 606, 605, 604, 603, 602, 601, 600, 599, 598, 264"
608,264,"608, 607, 606, 605, 604, 603, 602, 601, 600, 599, 598, 264"
609,264,"609, 264"
610,264,"610, 609, 264"
611,264,"611, 610, 609, 264"
612,264,"612, 611, 610, 609, 264"
613,264,"613, 612, 611, 610, 609, 264"
614,264,"614, 613, 612, 611, 610, 609, 264"
615,264,"615, 614, 613, 612, 611, 610, 609, 264"
616,264,"616, 615, 614, 613, 612, 611, 610, 609, 264"
617,264,"617, 616, 615, 614, 613, 612, 611, 610, 609, 264"
618,264,"618, 617, 616, 615, 614, 613, 612, 611, 610, 609, 264"
619,264,"619, 618, 617, 616, 615, 614, 613, 612, 611, 610, 609, 264"
620,265,"620, 265"
621,265,"621, 620, 265"
622,265,"622, 621, 620, 265"
623,265,"623, 622, 621, 620, 265"
624,265,"624, 623, 622, 621, 620, 265"
625,265,"625, 624, 623, 622, 621, 620, 265"
626,265,"626, 625, 624, 623, 622, 621, 620, 265"
627,265,"627, 626, 625, 624, 623, 622, 621, 620, 265"
628,265,"628, 627, 626, 625, 624, 623, 622, 621, 620, 265"
629,265,"629, 628, 627, 626, 625, 624, 623, 622, 621, 620, 265"
630,265,"630, 629, 628, 627, 626, 625, 624, 623, 622, 621, 620, 265"
631,265,"631, 265"
632,265,"632, 631, 265"
633,265,"633, 632, 631, 265"
634,265,"634, 633, 632, 631, 265"
635,265,"635, 634, 633, 632, 631, 265"
636,265,"636, 635, 634, 633, 632, 631, 265"
637,265,"637, 636, 635, 634, 633, 632, 631, 265"
638,265,"638, 637, 636, 635, 634, 633, 632, 631, 265"
639,265,"639, 638, 637, 636, 635, 634, 633, 632, 631, 265"
640,265,"640, 639, 638, 637, 636, 635, 634, 633, 632, 631, 265"
641,265,"641, 640, 639, 638, 637, 636, 635, 634, 633, 632, 631, 265"
642,266,"642, 266"
643,266,"643, 642, 266"
644,266,"644, 643, 642, 266"
645,266,"645, 644, 643, 642, 266"
646,266,"646, 645, 644, 643, 642, 266"
647,266,"647, 646, 645, 644, 643, 642, 266"
648,266,"648, 647, 646, 645, 644, 643, 642, 266"
649,266,"649, 648, 647, 646, 645, 644, 643, 642, 266"
650,266,"650, 649, 648, 647, 646, 645, 644, 643, 642, 266"
651,266,"651, 650, 649, 648, 647, 646, 645, 644, 643, 642, 266"
652,266,"652, 651, 650, 649, 648, 647, 646, 645, 644, 643, 642, 266"
653,266,"653, 266"
654,266,"654, 653, 266"
655,266,"655, 654, 653, 266"
656,266,"656, 655, 654, 653, 266"
657,266,"657, 656, 655, 654, 653, 266"
658,266,"658, 657, 656, 655, 654, 653, 266"
659,266,"659, 658, 657, 656, 655, 654, 653, 266"
660,266,"660, 659, 658, 657, 656, 655, 654, 653, 266"
661,266,"661, 660, 659, 658, 657, 656, 655, 654, 653, 266"
662,266,"662, 661, 660, 659, 658, 657, 656, 655, 654, 653, 266"
663,266,"663, 662, 661, 660, 659, 658, 657, 656, 655, 654, 653, 266"
664,267,"664, 267"
665,267,"665, 664, 267"
666,267,"666, 665, 664, 267"
667,267,"667, 666, 665, 664, 267"
668,267,"668, 667, 666, 665, 664, 267"
669,267,"669, 668, 667, 666, 665, 664, 267"
670,267,"670, 669, 668, 667, 666, 665, 664, 267"
671,267,"671, 670, 669, 668, 667, 666, 665, 664, 267"
672,267,"672, 671, 670, 669, 668, 667, 666, 665, 664, 267"
673,267,"673, 672, 671, 670, 669, 668, 667, 666, 665, 664, 267"
674,267,"674, 673, 672, 671, 670, 669, 668, 667, 666, 665, 664, 267"
675,268,"675, 268"
676,268,"676, 675, 268"
677,268,"677, 676, 675, 268"
678,268,"678, 677, 676, 675, 268"
679,268,"679, 678, 677, 676, 675, 268"
680,268,"680, 679, 678, 677, 676, 675, 268"
681,268,"681, 680, 679, 678, 677, 676, 675, 268"
682,268,"682, 681, 680, 679, 678, 677, 676, 675, 268"
683,268,"683, 682, 681, 680, 679, 678, 677, 676, 675, 268"
684,268,"684, 683, 682, 681, 680, 679, 678, 677, 676, 675, 268"
685,268,"685, 684, 683, 682, 681, 680, 679, 678, 677, 676, 675, 268"
686,268,"686, 268"
687,268,"687, 686, 268"
688,268,"688, 687, 686, 268"
689,268,"689, 688, 687, 686, 268"
690,268,"690, 689, 688, 687, 686, 268"
691,268,"691, 690, 689, 688, 687, 686, 268"
692,268,"692, 691, 690, 689, 688, 687, 686, 268"
693,268,"693, 692, 691, 690, 689, 688, 687, 686, 268"
694,268,"694, 693, 692, 691, 690, 689, 688, 687, 686, 268"
695,268,"695, 694, 693, 692, 691, 690, 689, 688, 687, 686, 268"
696,268,"696, 695, 694, 693, 692, 691, 690, 689, 688, 687, 686, 268"
697,270,"697, 270"
698,270,"698, 697, 270"
699,270,"699, 698, 697, 270"
700,270,"700, 699, 698, 697, 270"
701,270,"701, 700, 699, 698, 697, 270"
702,270,"702, 701, 700, 699, 698, 697, 270"
703,270,"703, 702, 701, 700, 699, 698, 697, 270"
704,270,"704, 703, 702, 701, 700, 699, 698, 697, 270"
705,270,"705, 704, 703, 702, 701, 700, 699, 698, 697, 270"
706,270,"706, 705, 704, 703, 702, 701, 700, 699, 698, 697, 270"
707,270,"707, 706, 705, 704, 703, 702, 701, 700, 699, 698, 697, 270"
708,270,"708, 270"
709,270,"709, 708, 270"
710,270,"710, 709, 708, 270"
711,270,"711, 710, 709, 708, 270"
712,270,"712, 711, 710, 709, 708, 270"
713,270,"713, 712, 711, 710, 709, 708, 270"
714,270,"714, 713, 712, 711, 710, 709, 708, 270"
715,270,"715, 714, 713, 712, 711, 710, 709, 708, 270"
716,270,"716, 715, 714, 713, 712, 711, 710, 709, 708, 270"
717,270,"717, 716, 715, 714, 713, 712, 711, 710, 709, 708, 270"
718,270,"718, 717, 716, 715, 714, 713, 712, 711, 710, 709, 708, 270"
719,271,"719, 271"
720,271,"720, 719, 271"
721,271,"721, 720, 719, 271"
722,271,"722, 721, 720, 719, 271"
723,271,"723, 722, 721, 720, 719, 271"
724,271,"724, 723, 722, 721, 720, 719, 271"
725,271,"725, 724, 723, 722, 721, 720, 719, 271"
726,271,"726, 725, 724, 723, 722, 721, 720, 719, 271"
727,271,"727, 726, 725, 724, 723, 722, 721, 720, 719, 271"
728,271,"728, 727, 726, 725, 724, 723, 722, 721, 720, 719, 271"
729,271,"729, 728, 727, 726, 725, 724, 723, 722, 721, 720, 719, 271"
730,272,"730, 272"
731,272,"731, 730, 272"
732,272,"732, 731, 730, 272"
733,272,"733, 732, 731, 730, 272"
734,272,"734, 733, 732, 731, 730, 272"
735,272,"735, 734, 733, 732, 731, 730, 272"
736,272,"736, 735, 734, 733, 732, 731, 730, 272"
737,272,"737, 736, 735, 734, 733, 732, 731, 730, 272"
738,272,"738, 737, 736, 735, 734, 733, 732, 731, 730, 272"
739,272,"739, 738, 737, 736, 735, 734, 733, 732, 731, 730, 272"
740,272,"740, 739, 738, 737, 736, 735, 734, 733, 732, 731, 730, 272"
741,272,"741, 272"
742,272,"742, 741, 272"
743,272,"743, 742, 741, 272"
744,272,"744, 743, 742, 741, 272"
745,272,"745, 744, 743, 742, 741, 272"
746,272,"746, 745, 744, 743, 742, 741, 272"
747,272,"747, 746, 745, 744, 743, 742, 741, 272"
748,272,"748, 747, 746, 745, 744, 743, 742, 741, 272"
749,272,"749, 748, 747, 746, 745, 744, 743, 742, 741, 272"
750,272,"750, 749, 748, 747, 746, 745, 744, 743, 742, 741, 272"
751,272,"751, 750, 749, 748, 747, 746, 745, 744, 743, 742, 741, 272"
752,273,"752, 273"
753,273,"753, 752, 273"
754,273,"754, 753, 752, 273"
755,273,"755, 754, 753, 752, 273"
756,273,"756, 755, 754, 753, 752, 273"
757,273,"757, 756, 755, 754, 753, 752, 273"
758,273,"758, 757, 756, 755, 754, 753, 752, 273"
759,273,"759, 758, 757, 756, 755, 754, 753, 752, 273"
760,273,"760, 759, 758, 757, 756, 755, 754, 753, 752, 273"
761,273,"761, 760, 759, 758, 757, 756, 755, 754, 753, 752, 273"
762,273,"762, 761, 760, 759, 758, 757, 756, 755, 754, 753, 752, 273"
763,273,"763, 273"
764,273,"764, 763, 273"
765,273,"765, 764, 763, 273"
766,273,"766, 765, 764, 763, 273"
767,273,"767, 766, 765, 764, 763, 273"
768,273,"768, 767, 766, 765, 764, 763, 273"
769,273,"769, 768, 767, 766, 765, 764, 763, 273"
770,273,"770, 769, 768, 767, 766, 765, 764, 763, 273"
771,273,"771, 770, 769, 768, 767, 766, 765, 764, 763, 273"
772,273,"772, 771, 770, 769, 768, 767, 766, 765, 764, 763, 273"
773,273,"773, 772, 771, 770, 769, 768, 767, 766, 765, 764, 763, 273"
774,274,"774, 274"
775,274,"775, 774, 274"
776,274,"776, 775, 774, 274"
777,274,"777, 776, 775, 774, 274"
778,274,"778, 777, 776, 775, 774, 274"
779,274,"779, 778, 777, 776, 775, 774, 274"
780,274,"780, 779, 778, 777, 776, 775, 774, 274"
781,274,"781, 780, 779, 778, 777, 776, 775, 774, 274"
782,274,"782, 781, 780, 779, 778, 777, 776, 775, 774, 274"
783,274,"783, 782, 781, 780, 779, 778, 777, 776, 775, 774, 274"
784,274,"784, 783, 782, 781, 780, 779, 778, 777, 776, 775, 774, 274"
785,274,"785, 274"
786,274,"786, 785, 274"
787,274,"787, 786, 785, 274"
788,274,"788, 787, 786, 785, 274"
789,274,"789, 788, 787, 786, 785, 274"
790,274,"790, 789, 788, 787, 786, 785, 274"
791,274,"791, 790, 789, 788, 787, 786, 785, 274"
792,274,"792, 791, 790, 789, 788, 787, 786, 785, 274"
793,274,"793, 792, 791, 790, 789, 788, 787, 786, 785, 274"
794,274,"794, 793, 792, 791, 790, 789, 788, 787, 786, 785, 274"
795,274,"795, 794, 793, 792, 791, 790, 789, 788, 787, 786, 785, 274"
796,275,"796, 275"
797,275,"797, 796, 275"
798,275,"798, 797, 796, 275"
799,275,"799, 798, 797, 796, 275"
800,275,"800, 799, 798, 797, 796, 275"
801,275,"801, 800, 799, 798, 797, 796, 275"
802,275,"802, 801, 800, 799, 798, 797, 796, 275"
803,275,"803, 802, 801, 800, 799, 798, 797, 796, 275"
804,275,"804, 803, 802, 801, 800, 799, 798, 797, 796, 275"
805,275,"805, 804, 803, 802, 801, 800, 799, 798, 797, 796, 275"
806,275,"806, 805, 804, 803, 802, 801, 800, 799, 798, 797, 796, 275"
807,276,"807, 276"
808,276,"808, 807, 276"
809,276,"809, 808, 807, 276"
810,276,"810, 809, 808, 807, 276"
811,276,"811, 810, 809, 808, 807, 276"
812,276,"812, 811, 810, 809, 808, 807, 276"
813,276,"813, 812, 811, 810, 809, 808, 807, 276"
814,276,"814, 813, 812, 811, 810, 809, 808, 807, 276"
815,276,"815, 814, 813, 812, 811, 810, 809, 808, 807, 276"
816,276,"816, 815, 814, 813, 812, 811, 810, 809, 808, 807, 276"
817,276,"817, 816, 815, 814, 813, 812, 811, 810, 809, 808, 807, 276"
818,276,"818, 276"
819,276,"819, 818, 276"
820,276,"820, 819, 818, 276"
821,276,"821, 820, 819, 818, 276"
822,276,"822, 821, 820, 819, 818, 276"
823,276,"823, 822, 821, 820, 819, 818, 276"
824,276,"824, 823, 822, 821, 820, 819, 818, 276"
825,276,"825, 824, 823, 822, 821, 820, 819, 818, 276"
826,276,"826, 825, 824, 823, 822, 821, 820, 819, 818, 276"
827,276,"827, 826, 825, 824, 823, 822, 821, 820, 819, 818, 276"
828,276,"828, 827, 826, 825, 824, 823, 822, 821, 820, 819, 818, 276"
392,69,"392, 391, 390, 389, 388, 69"
397,70,"397, 396, 395, 394, 393, 70"
402,70,"402, 401, 400, 399, 398, 70"
407,71,"407, 406, 405, 404, 403, 71"
412,71,"412, 411, 410, 409, 408, 71"
441,29,"441, 440, 439, 438, 437, 29"
446,29,"446, 445, 444, 443, 442, 29"
451,30,"451, 450, 449, 448, 447, 30"
456,30,"456, 455, 454, 453, 452, 30"
461,31,"461, 460, 459, 458, 457, 31"
466,31,"466, 465, 464, 463, 462, 31"
471,32,"471, 470, 469, 468, 467, 32"
476,32,"476, 475, 474, 473, 472, 32"
481,33,"481, 480, 479, 478, 477, 33"
486,33,"486, 485, 484, 483, 482, 33"
491,34,"491, 490, 489, 488, 487, 34"
496,34,"496, 495, 494, 493, 492, 34"
501,35,"501, 500, 499, 498, 497, 35"
506,35,"506, 505, 504, 503, 502, 35"
511,36,"511, 510, 509, 508, 507, 36"
262,565,"262, 565"
262,566,"262, 565, 566"
262,567,"262, 565, 566, 567"
262,568,"262, 565, 566, 567, 568"
262,569,"262, 565, 566, 567, 568, 569"
262,570,"262, 565, 566, 567, 568, 569, 570"
262,571,"262, 565, 566, 567, 568, 569, 570, 571"
262,572,"262, 565, 566, 567, 568, 569, 570, 571, 572"
262,573,"262, 565, 566, 567, 568, 569, 570, 571, 572, 573"
262,574,"262, 565, 566, 567, 568, 569, 570, 571, 572, 573, 574"
262,575,"262, 565, 566, 567, 568, 569, 570, 571, 572, 573, 574, 575"
262,576,"262, 576"
262,577,"262, 576, 577"
262,578,"262, 576, 577, 578"
262,579,"262, 576, 577, 578, 579"
262,580,"262, 576, 577, 578, 579, 580"
262,581,"262, 576, 577, 578, 579, 580, 581"
262,582,"262, 576, 577, 578, 579, 580, 581, 582"
262,583,"262, 576, 577, 578, 579, 580, 581, 582, 583"
262,584,"262, 576, 577, 578, 579, 580, 581, 582, 583, 584"
262,585,"262, 576, 577, 578, 579, 580, 581, 582, 583, 584, 585"
262,586,"262, 576, 577, 578, 579, 580, 581, 582, 583, 584, 585, 586"
263,587,"263, 587"
263,588,"263, 587, 588"
263,589,"263, 587, 588, 589"
263,590,"263, 587, 588, 589, 590"
263,591,"263, 587, 588, 589, 590, 591"
263,592,"263, 587, 588, 589, 590, 591, 592"
263,593,"263, 587, 588, 589, 590, 591, 592, 593"
263,594,"263, 587, 588, 589, 590, 591, 592, 593, 594"
263,595,"263, 587, 588, 589, 590, 591, 592, 593, 594, 595"
263,596,"263, 587, 588, 589, 590, 591, 592, 593, 594, 595, 596"
263,597,"263, 587, 588, 589, 590, 591, 592, 593, 594, 595, 596, 597"
264,598,"264, 598"
264,599,"264, 598, 599"
264,600,"264, 598, 599, 600"
264,601,"264, 598, 599, 600, 601"
264,602,"264, 598, 599, 600, 601, 602"
264,603,"264, 598, 599, 600, 601, 602, 603"
264,604,"264, 598, 599, 600, 601, 602, 603, 604"
264,605,"264, 598, 599, 600, 601, 602, 603, 604, 605"
264,606,"264, 598, 599, 600, 601, 602, 603, 604, 605, 606"
264,607,"264, 598, 599, 600, 601, 602, 603, 604, 605, 606, 607"
264,608,"264, 598, 599, 600, 601, 602, 603, 604, 605, 606, 607, 608"
264,609,"264, 609"
264,610,"264, 609, 610"
264,611,"264, 609, 610, 611"
264,612,"264, 609, 610, 611, 612"
264,613,"264, 609, 610, 611, 612, 613"
264,614,"264, 609, 610, 611, 612, 613, 614"
264,615,"264, 609, 610, 611, 612, 613, 614, 615"
264,616,"264, 609, 610, 611, 612, 613, 614, 615, 616"
264,617,"264, 609, 610, 611, 612, 613, 614, 615, 616, 617"
264,618,"264, 609, 610, 611, 612, 613, 614, 615, 616, 617, 618"
264,619,"264, 609, 610, 611, 612, 613, 614, 615, 616, 617, 618, 619"
265,620,"265, 620"
265,621,"265, 620, 621"
265,622,"265, 620, 621, 622"
265,623,"265, 620, 621, 622, 623"
265,624,"265, 620, 621, 622, 623, 624"
265,625,"265, 620, 621, 622, 623, 624, 625"
265,626,"265, 620, 621, 622, 623, 624, 625, 626"
265,627,"265, 620, 621, 622, 623, 624, 625, 626, 627"
265,628,"265, 620, 621, 622, 623, 624, 625, 626, 627, 628"
265,629,"265, 620, 621, 622, 623, 624, 625, 626, 627, 628, 629"
265,630,"265, 620, 621, 622, 623, 624, 625, 626, 627, 628, 629, 630"
265,631,"265, 631"
265,632,"265, 631, 632"
265,633,"265, 631, 632, 633"
265,634,"265, 631, 632, 633, 634"
265,635,"265, 631, 632, 633, 634, 635"
265,636,"265, 631, 632, 633, 634, 635, 636"
265,637,"265, 631, 632, 633, 634, 635, 636, 637"
265,638,"265, 631, 632, 633, 634, 635, 636, 637, 638"
265,639,"265, 631, 632, 633, 634, 635, 636, 637, 638, 639"
265,640,"265, 631, 632, 633, 634, 635, 636, 637, 638, 639, 640"
265,641,"265, 631, 632, 633, 634, 635, 636, 637, 638, 639, 640, 641"
266,642,"266, 642"
266,643,"266, 642, 643"
266,644,"266, 642, 643, 644"
266,645,"266, 642, 643, 644, 645"
266,646,"266, 642, 643, 644, 645, 646"
266,647,"266, 642, 643, 644, 645, 646, 647"
266,648,"266, 642, 643, 644, 645, 646, 647, 648"
266,649,"266, 642, 643, 644, 645, 646, 647, 648, 649"
266,650,"266, 642, 643, 644, 645, 646, 647, 648, 649, 650"
266,651,"266, 642, 643, 644, 645, 646, 647, 648, 649, 650, 651"
266,652,"266, 642, 643, 644, 645, 646, 647, 648, 649, 650, 651, 652"
266,653,"266, 653"
266,654,"266, 653, 654"
266,655,"266, 653, 654, 655"
266,656,"266, 653, 654, 655, 656"
266,657,"266, 653, 654, 655, 656, 657"
266,658,"266, 653, 654, 655, 656, 657, 658"
266,659,"266, 653, 654, 655, 656, 657, 658, 659"
266,660,"266, 653, 654, 655, 656, 657, 658, 659, 660"
266,661,"266, 653, 654, 655, 656, 657, 658, 659, 660, 661"
266,662,"266, 653, 654, 655, 656, 657, 658, 659, 660, 661, 662"
266,663,"266, 653, 654, 655, 656, 657, 658, 659, 660, 661, 662, 663"
267,664,"267, 664"
267,665,"267, 664, 665"
267,666,"267, 664, 665, 666"
267,667,"267, 664, 665, 666, 667"
267,668,"267, 664, 665, 666, 667, 668"
267,669,"267, 664, 665, 666, 667, 668, 669"
267,670,"267, 664, 665, 666, 667, 668, 669, 670"
267,671,"267, 664, 665, 666, 667, 668, 669, 670, 671"
267,672,"267, 664, 665, 666, 667, 668, 669, 670, 671, 672"
267,673,"267, 664, 665, 666, 667, 668, 669, 670, 671, 672, 673"
267,674,"267, 664, 665, 666, 667, 668, 669, 670, 671, 672, 673, 674"
268,675,"268, 675"
268,676,"268, 675, 676"
268,677,"268, 675, 676, 677"
268,678,"268, 675, 676, 677, 678"
268,679,"268, 675, 676, 677, 678, 679"
268,680,"268, 675, 676, 677, 678, 679, 680"
268,681,"268, 675, 676, 677, 678, 679, 680, 681"
268,682,"268, 675, 676, 677, 678, 679, 680, 681, 682"
268,683,"268, 675, 676, 677, 678, 679, 680, 681, 682, 683"
268,684,"268, 675, 676, 677, 678, 679, 680, 681, 682, 683, 684"
268,685,"268, 675, 676, 677, 678, 679, 680, 681, 682, 683, 684, 685"
268,686,"268, 686"
268,687,"268, 686, 687"
268,688,"268, 686, 687, 688"
268,689,"268, 686, 687, 688, 689"
268,690,"268, 686, 687, 688, 689, 690"
268,691,"268, 686, 687, 688, 689, 690, 691"
268,692,"268, 686, 687, 688, 689, 690, 691, 692"
268,693,"268, 686, 687, 688, 689, 690, 691, 692, 693"
268,694,"268, 686, 687, 688, 689, 690, 691, 692, 693, 694"
268,695,"268, 686, 687, 688, 689, 690, 691, 692, 693, 694, 695"
268,696,"268, 686, 687, 688, 689, 690, 691, 692, 693, 694, 695, 696"
270,697,"270, 697"
270,698,"270, 697, 698"
270,699,"270, 697, 698, 699"
270,700,"270, 697, 698, 699, 700"
270,701,"270, 697, 698, 699, 700, 701"
270,702,"270, 697, 698, 699, 700, 701, 702"
270,703,"270, 697, 698, 699, 700, 701, 702, 703"
270,704,"270, 697, 698, 699, 700, 701, 702, 703, 704"
270,705,"270, 697, 698, 699, 700, 701, 702, 703, 704, 705"
270,706,"270, 697, 698, 699, 700, 701, 702, 703, 704, 705, 706"
270,707,"270, 697, 698, 699, 700, 701, 702, 703, 704, 705, 706, 707"
270,708,"270, 708"
270,709,"270, 708, 709"
270,710,"270, 708, 709, 710"
270,711,"270, 708, 709, 710, 711"
270,712,"270, 708, 709, 710, 711, 712"
270,713,"270, 708, 709, 710, 711, 712, 713"
270,714,"270, 708, 709, 710, 711, 712, 713, 714"
270,715,"270, 708, 709, 710, 711, 712, 713, 714, 715"
270,716,"270, 708, 709, 710, 711, 712, 713, 714, 715, 716"
270,717,"270, 708, 709, 710, 711, 712, 713, 714, 715, 716, 717"
270,718,"270, 708, 709, 710, 711, 712, 713, 714, 715, 716, 717, 718"
271,719,"271, 719"
271,720,"271, 719, 720"
271,721,"271, 719, 720, 721"
271,722,"271, 719, 720, 721, 722"
271,723,"271, 719, 720, 721, 722, 723"
271,724,"271, 719, 720, 721, 722, 723, 724"
271,725,"271, 719, 720, 721, 722, 723, 724, 725"
271,726,"271, 719, 720, 721, 722, 723, 724, 725, 726"
271,727,"271, 719, 720, 721, 722, 723, 724, 725, 726, 727"
271,728,"271, 719, 720, 721, 722, 723, 724, 725, 726, 727, 728"
271,729,"271, 719, 720, 721, 722, 723, 724, 725, 726, 727, 728, 729"
272,730,"272, 730"
272,731,"272, 730, 731"
272,732,"272, 730, 731, 732"
272,733,"272, 730, 731, 732, 733"
272,734,"272, 730, 731, 732, 733, 734"
272,735,"272, 730, 731, 732, 733, 734, 735"
272,736,"272, 730, 731, 732, 733, 734, 735, 736"
272,737,"272, 730, 731, 732, 733, 734, 735, 736, 737"
272,738,"272, 730, 731, 732, 733, 734, 735, 736, 737, 738"
272,739,"272, 730, 731, 732, 733, 734, 735, 736, 737, 738, 739"
272,740,"272, 730, 731, 732, 733, 734, 735, 736, 737, 738, 739, 740"
272,741,"272, 741"
272,742,"272, 741, 742"
272,743,"272, 741, 742, 743"
272,744,"272, 741, 742, 743, 744"
272,745,"272, 741, 742, 743, 744, 745"
272,746,"272, 741, 742, 743, 744, 745, 746"
272,747,"272, 741, 742, 743, 744, 745, 746, 747"
272,748,"272, 741, 742, 743, 744, 745, 746, 747, 748"
272,749,"272, 741, 742, 743, 744, 745, 746, 747, 748, 749"
272,750,"272, 741, 742, 743, 744, 745, 746, 747, 748, 749, 750"
272,751,"272, 741, 742, 743, 744, 745, 746, 747, 748, 749, 750, 751"
273,752,"273, 752"
273,753,"273, 752, 753"
273,754,"273, 752, 753, 754"
273,755,"273, 752, 753, 754, 755"
273,756,"273, 752, 753, 754, 755, 756"
273,757,"273, 752, 753, 754, 755, 756, 757"
273,758,"273, 752, 753, 754, 755, 756, 757, 758"
273,759,"273, 752, 753, 754, 755, 756, 757, 758, 759"
273,760,"273, 752, 753, 754, 755, 756, 757, 758, 759, 760"
273,761,"273, 752, 753, 754, 755, 756, 757, 758, 759, 760, 761"
273,762,"273, 752, 753, 754, 755, 756, 757, 758, 759, 760, 761, 762"
273,763,"273, 763"
273,764,"273, 763, 764"
273,765,"273, 763, 764, 765"
273,766,"273, 763, 764, 765, 766"
273,767,"273, 763, 764, 765, 766, 767"
273,768,"273, 763, 764, 765, 766, 767, 768"
273,769,"273, 763, 764, 765, 766, 767, 768, 769"
273,770,"273, 763, 764, 765, 766, 767, 768, 769, 770"
273,771,"273, 763, 764, 765, 766, 767, 768, 769, 770, 771"
273,772,"273, 763, 764, 765, 766, 767, 768, 769, 770, 771, 772"
273,773,"273, 763, 764, 765, 766, 767, 768, 769, 770, 771, 772, 773"
274,774,"274, 774"
274,775,"274, 774, 775"
274,776,"274, 774, 775, 776"
274,777,"274, 774, 775, 776, 777"
274,778,"274, 774, 775, 776, 777, 778"
274,779,"274, 774, 775, 776, 777, 778, 779"
274,780,"274, 774, 775, 776, 777, 778, 779, 780"
274,781,"274, 774, 775, 776, 777, 778, 779, 780, 781"
274,782,"274, 774, 775, 776, 777, 778, 779, 780, 781, 782"
274,783,"274, 774, 775, 776, 777, 778, 779, 780, 781, 782, 783"
274,784,"274, 774, 775, 776, 777, 778, 779, 780, 781, 782, 783, 784"
274,785,"274, 785"
274,786,"274, 785, 786"
274,787,"274, 785, 786, 787"
274,788,"274, 785, 786, 787, 788"
274,789,"274, 785, 786, 787, 788, 789"
274,790,"274, 785, 786, 787, 788, 789, 790"
274,791,"274, 785, 786, 787, 788, 789, 790, 791"
274,792,"274, 785, 786, 787, 788, 789, 790, 791, 792"
274,793,"274, 785, 786, 787, 788, 789, 790, 791, 792, 793"
274,794,"274, 785, 786, 787, 788, 789, 790, 791, 792, 793, 794"
274,795,"274, 785, 786, 787, 788, 789, 790, 791, 792, 793, 794, 795"
275,796,"275, 796"
275,797,"275, 796, 797"
275,798,"275, 796, 797, 798"
275,799,"275, 796, 797, 798, 799"
275,800,"275, 796, 797, 798, 799, 800"
275,801,"275, 796, 797, 798, 799, 800, 801"
275,802,"275, 796, 797, 798, 799, 800, 801, 802"
275,803,"275, 796, 797, 798, 799, 800, 801, 802, 803"
275,804,"275, 796, 797, 798, 799, 800, 801, 802, 803, 804"
275,805,"275, 796, 797, 798, 799, 800, 801, 802, 803, 804, 805"
275,806,"275, 796, 797, 798, 799, 800, 801, 802, 803, 804, 805, 806"
276,807,"276, 807"
276,808,"276, 807, 808"
276,809,"276, 807, 808, 809"
276,810,"276, 807, 808, 809, 810"
276,811,"276, 807, 808, 809, 810, 811"
276,812,"276, 807, 808, 809, 810, 811, 812"
276,813,"276, 807, 808, 809, 810, 811, 812, 813"
276,814,"276, 807, 808, 809, 810, 811, 812, 813, 814"
276,815,"276, 807, 808, 809, 810, 811, 812, 813, 814, 815"
276,816,"276, 807, 808, 809, 810, 811, 812, 813, 814, 815, 816"
276,817,"276, 807, 808, 809, 810, 811, 812, 813, 814, 815, 816, 817"
276,818,"276, 818"
276,819,"276, 818, 819"
276,820,"276, 818, 819, 820"
276,821,"276, 818, 819, 820, 821"
276,822,"276, 818, 819, 820, 821, 822"
276,823,"276, 818, 819, 820, 821, 822, 823"
276,824,"276, 818, 819, 820, 821, 822, 823, 824"
276,825,"276, 818, 819, 820, 821, 822, 823, 824, 825"
276,826,"276, 818, 819, 820, 821, 822, 823, 824, 825, 826"
276,827,"276, 818, 819, 820, 821, 822, 823, 824, 825, 826, 827"
276,828,"276, 818, 819, 820, 821, 822, 823, 824, 825, 826, 827, 828"
69,392,"69, 388, 389, 390, 391, 392"
70,397,"70, 393, 394, 395, 396, 397"
70,402,"70, 398, 399, 400, 401, 402"
71,407,"71, 403, 404, 405, 406, 407"
71,412,"71, 408, 409, 410, 411, 412"
29,441,"29, 437, 438, 439, 440, 441"
29,446,"29, 442, 443, 444, 445, 446"
30,451,"30, 447, 448, 449, 450, 451"
30,456,"30, 452, 453, 454, 455, 456"
31,461,"31, 457, 458, 459, 460, 461"
31,466,"31, 462, 463, 464, 465, 466"
32,471,"32, 467, 468, 469, 470, 471"
32,476,"32, 472, 473, 474, 475, 476"
33,481,"33, 477, 478, 479, 480, 481"
33,486,"33, 482, 483, 484, 485, 486"
34,491,"34, 487, 488, 489, 490, 491"
34,496,"34, 492, 493, 494, 495, 496"
35,501,"35, 497, 498, 499, 500, 501"
35,506,"35, 502, 503, 504, 505, 506"
36,511,"36, 507, 508, 509, 510, 511"
354,354,354
360,360,360
362,362,362
364,364,364
135,135,135
140,140,140
66,66,66
57,57,57
352,352,352
356,356,356
